{"cameraMode":{"drawMode":0,"name":"Shaded","section":"Shading Mode"},"sceneLighting":true,"audioPlay":false,"sceneViewState":{"m_AlwaysRefresh":false,"showFog":true,"showSkybox":true,"showFlares":true,"showImageEffects":true,"showParticleSystems":true,"showVisualEffectGraphs":true,"m_FxEnabled":true},"in2DMode":false,"pivot":{"x":18.545438766479493,"y":-334.2337646484375,"z":-207.8489532470703},"rotation":{"x":-0.003512820927426219,"y":0.8725789189338684,"z":-0.48844030499458315,"w":-0.0062841251492500309},"size":252.51124572753907,"orthographic":false}