{"cameraMode":{"drawMode":0,"name":"Shaded","section":"Shading Mode"},"sceneLighting":true,"audioPlay":false,"sceneViewState":{"m_AlwaysRefresh":false,"showFog":true,"showSkybox":true,"showFlares":true,"showImageEffects":true,"showParticleSystems":true,"showVisualEffectGraphs":true,"m_FxEnabled":true},"in2DMode":false,"pivot":{"x":-0.6675214767456055,"y":5.487220764160156,"z":12.079937934875489},"rotation":{"x":0.002031561452895403,"y":-0.9931128621101379,"z":0.11703991144895554,"w":0.015790771692991258},"size":1.8228628635406495,"orthographic":false}