{"cameraMode":{"drawMode":0,"name":"Shaded","section":"Shading Mode"},"sceneLighting":false,"audioPlay":false,"sceneViewState":{"m_AlwaysRefresh":false,"showFog":true,"showSkybox":false,"showFlares":true,"showImageEffects":true,"showParticleSystems":true,"showVisualEffectGraphs":true,"m_FxEnabled":true},"in2DMode":false,"pivot":{"x":-0.35178375244140627,"y":1.458629846572876,"z":0.18270587921142579},"rotation":{"x":-0.20448581874370576,"y":0.6558699607849121,"z":-0.19131146371364594,"w":-0.7010728120803833},"size":16.712310791015626,"orthographic":false}